{"projects":[
  {
    "image": "webImages/21564.jpeg"
  },
  {
    "image": "webImages/21565.jpeg"
  },
  {
    "image": "webImages/21566.jpeg"
  },
  {
    "image": "webImages/21567.jpeg"
  },
  {
    "image": "webImages/21568.jpeg"
  },
  {
    "image": "webImages/21569.jpeg"
  },
  {
    "image": "webImages/21570.jpeg"
  },
  {
    "image": "webImages/21571.jpeg"
  },
  {
    "image": "webImages/21572.jpeg"
  },
  {
    "image": "webImages/21573.jpeg"
  },
  {
    "image": "webImages/21576.jpeg"
  },
  {
    "image": "webImages/21577.jpeg"
  },
  {
    "image": "webImages/21578.jpeg"
  },
  {
    "image": "webImages/21579.jpeg"
  },
  {
    "image": "webImages/21581.jpeg"
  },
  {
    "image": "webImages/21582.jpeg"
  },
  {
    "image": "webImages/21583.jpeg"
  },
  {
    "image": "webImages/21584.jpeg"
  },
  {
    "image": "webImages/21585.jpeg"
  },
  {
    "image": "webImages/21586.jpeg"
  },
  {
    "image": "webImages/21588.jpeg"
  },
  {
    "image": "webImages/21589.jpeg"
  },
  {
    "image": "webImages/21590.jpeg"
  },
  {
    "image": "webImages/21591.jpeg"
  },
  {
    "image": "webImages/21592.jpeg"
  },
  {
    "image": "webImages/22021.jpeg"
  },
  {
    "image": "webImages/22022.jpeg"
  },
  {
    "image": "webImages/22023.jpeg"
  },
  {
    "image": "webImages/22024.jpeg"
  },
  {
    "image": "webImages/22025.jpeg"
  }
]}